pwet
INSERT INTO table_name (column1, column2, column3, ...)
VALUES (value1, value2, value3, ...); 
INSERT INTO recipe_type (id, name, ) 
VALUES (1, Dolorum praesentium et iste minima odit., );

INSERT INTO recipe_type (id, name, ) 
VALUES (2, Veritatis ipsum ab recusandae reiciendis officiis., );

INSERT INTO recipe_type (id, name, ) 
VALUES (3, Error harum rerum libero ex., );

INSERT INTO recipe_type (id, name, ) 
VALUES (4, Corrupti cupiditate assumenda reprehenderit praesentium quam quisquam., );

INSERT INTO recipe_type (id, name, ) 
VALUES (5, Sequi ullam minima fuga tempore blanditiis., );

INSERT INTO recipe_type (id, name, ) 
VALUES (6, Mollitia inventore possimus., );

INSERT INTO recipe_type (id, name, ) 
VALUES (7, Delectus blanditiis minima exercitationem., );

INSERT INTO recipe_type (id, name, ) 
VALUES (8, Magni sit tempora cumque sed maiores., );

INSERT INTO recipe_type (id, name, ) 
VALUES (9, Vitae natus accusamus suscipit saepe nam magnam sed., );

INSERT INTO recipe_type (id, name, ) 
VALUES (10, Recusandae a distinctio nisi similique., );

INSERT INTO grade (comment, type_id, unit_id, value, variant_id, id, ) 
VALUES (Aperiam dolores quam animi. Quia temporibus alias officia., 10, 4, 2, 4, 1, );

INSERT INTO grade (comment, type_id, unit_id, value, variant_id, id, ) 
VALUES (Maxime illo voluptatum. Neque sequi consequuntur eaque possimus fugit iusto aliquid. Perspiciatis consequuntur unde esse vel ut., 9, 2, 6, 7, 2, );

INSERT INTO grade (comment, type_id, unit_id, value, variant_id, id, ) 
VALUES (Beatae nisi ab voluptatem atque veniam ab. Ipsam rerum ea commodi incidunt. Iste rem hic sint mollitia corrupti., 1, 6, 7, 2, 3, );

INSERT INTO grade (comment, type_id, unit_id, value, variant_id, id, ) 
VALUES (Repellat sunt id sequi voluptatibus deserunt aut corrupti. Veniam eos voluptates magnam repellat maiores provident at., 8, 5, 2, 2, 4, );

INSERT INTO grade (comment, type_id, unit_id, value, variant_id, id, ) 
VALUES (Esse dolor minus repellendus eos a impedit autem. Quibusdam quis suscipit accusamus. Alias nobis qui quibusdam quisquam facilis nisi ipsum., 7, 2, 4, 6, 5, );

INSERT INTO grade (comment, type_id, unit_id, value, variant_id, id, ) 
VALUES (Modi dolor dolorum autem. Aliquid aspernatur sed commodi tenetur mollitia., 3, 10, 6, 2, 6, );

INSERT INTO grade (comment, type_id, unit_id, value, variant_id, id, ) 
VALUES (Quia impedit excepturi dolor. Cumque aliquam aspernatur repellendus. Doloribus assumenda nemo debitis repudiandae., 2, 9, 5, 1, 7, );

INSERT INTO grade (comment, type_id, unit_id, value, variant_id, id, ) 
VALUES (Delectus occaecati officiis corrupti. Totam possimus minima qui eaque odit. Veritatis itaque voluptatem ad fuga accusamus minima., 10, 6, 3, 8, 8, );

INSERT INTO grade (comment, type_id, unit_id, value, variant_id, id, ) 
VALUES (Magnam quas accusamus excepturi. Repellendus fuga molestias facilis odit ducimus dignissimos., 8, 7, 6, 9, 9, );

INSERT INTO grade (comment, type_id, unit_id, value, variant_id, id, ) 
VALUES (Modi culpa architecto corporis magnam nulla vitae. Cumque impedit mollitia. Magni quis blanditiis odio nostrum quae., None, None, 1, None, 10, );

INSERT INTO recipe (id, name, ) 
VALUES (1, Debitis totam dolore inventore vero accusantium omnis., );

INSERT INTO recipe (id, name, ) 
VALUES (2, Cumque ab ducimus quo asperiores., );

INSERT INTO recipe (id, name, ) 
VALUES (3, Maxime consequuntur aliquid exercitationem sint labore., );

INSERT INTO recipe (id, name, ) 
VALUES (4, Corporis iste minima ullam impedit iure., );

INSERT INTO recipe (id, name, ) 
VALUES (5, Eaque commodi voluptas error totam voluptatibus., );

INSERT INTO recipe (id, name, ) 
VALUES (6, Magni quidem cumque maiores., );

INSERT INTO recipe (id, name, ) 
VALUES (7, Quae error impedit., );

INSERT INTO recipe (id, name, ) 
VALUES (8, Debitis neque quisquam sit distinctio., );

INSERT INTO recipe (id, name, ) 
VALUES (9, Facere dignissimos ducimus quis dicta nostrum., );

INSERT INTO recipe (id, name, ) 
VALUES (10, Placeat dolore accusamus corporis quaerat libero dolor., );

INSERT INTO grade_type (id, name, ) 
VALUES (1, Dolor veniam fuga dolore consectetur in., );

INSERT INTO grade_type (id, name, ) 
VALUES (2, Soluta quaerat odit nesciunt in voluptates., );

INSERT INTO grade_type (id, name, ) 
VALUES (3, Ratione id at., );

INSERT INTO grade_type (id, name, ) 
VALUES (4, Quo architecto neque itaque est., );

INSERT INTO grade_type (id, name, ) 
VALUES (5, Nihil doloremque pariatur quae vel debitis commodi., );

INSERT INTO grade_type (id, name, ) 
VALUES (6, Quisquam ut minima doloribus eos., );

INSERT INTO grade_type (id, name, ) 
VALUES (7, Officia porro maxime nihil id., );

INSERT INTO grade_type (id, name, ) 
VALUES (8, Ut dolore unde accusantium., );

INSERT INTO grade_type (id, name, ) 
VALUES (9, Quibusdam fugiat ea., );

INSERT INTO grade_type (id, name, ) 
VALUES (10, Doloribus delectus voluptatem enim., );

INSERT INTO material (id, name, ) 
VALUES (1, Ratione cum soluta explicabo vero., );

INSERT INTO material (id, name, ) 
VALUES (2, Amet eveniet reiciendis earum corporis., );

INSERT INTO material (id, name, ) 
VALUES (3, In blanditiis delectus earum tempora quaerat., );

INSERT INTO material (id, name, ) 
VALUES (4, Dolor blanditiis assumenda non beatae., );

INSERT INTO material (id, name, ) 
VALUES (5, Distinctio aspernatur eos est tenetur nulla., );

INSERT INTO material (id, name, ) 
VALUES (6, Sint doloribus fugit dignissimos., );

INSERT INTO material (id, name, ) 
VALUES (7, Id dolorum molestias molestias., );

INSERT INTO material (id, name, ) 
VALUES (8, Rem eos maxime officiis., );

INSERT INTO material (id, name, ) 
VALUES (9, Eveniet voluptates voluptate pariatur repudiandae., );

INSERT INTO material (id, name, ) 
VALUES (10, Odit soluta provident deleniti minima., );

INSERT INTO variant (comment, main_variant, author, visible, recipe_id, id, ) 
VALUES (Ipsum quaerat iusto eius impedit sunt. Voluptatum odio deleniti neque aliquid repellendus ipsa quae. Beatae facere eveniet enim facilis dignissimos a., True, Sint amet odio temporibus quisquam minus hic., False, 1, 1, );

INSERT INTO variant (comment, main_variant, author, visible, recipe_id, id, ) 
VALUES (Accusamus iste esse ut accusantium excepturi accusantium iste. Et ut suscipit a minus reiciendis excepturi quasi. Necessitatibus iste incidunt voluptatibus quaerat tempore id., False, Esse voluptas tenetur soluta., False, 7, 2, );

INSERT INTO variant (comment, main_variant, author, visible, recipe_id, id, ) 
VALUES (Porro nostrum autem. Alias ad facere harum ipsa magnam laudantium., False, Non aut odio recusandae tempora velit qui., True, 10, 3, );

INSERT INTO variant (comment, main_variant, author, visible, recipe_id, id, ) 
VALUES (Dolore nihil itaque similique optio vitae. Veritatis amet nihil., False, Molestiae porro quae accusamus., True, 2, 4, );

INSERT INTO variant (comment, main_variant, author, visible, recipe_id, id, ) 
VALUES (Vel consectetur odit ipsam corrupti. Eveniet magnam ipsam ducimus animi illum. Eum dolore quod sapiente aspernatur minus., True, Nesciunt ab debitis vitae., True, 8, 5, );

INSERT INTO variant (comment, main_variant, author, visible, recipe_id, id, ) 
VALUES (Sed molestiae voluptatem voluptates explicabo magnam cum., True, Esse ea aliquid repellendus., True, 1, 6, );

INSERT INTO variant (comment, main_variant, author, visible, recipe_id, id, ) 
VALUES (Cum expedita alias voluptatibus eos. Iste ipsam nostrum adipisci. Minima explicabo laboriosam facilis dolor., True, Occaecati provident accusamus aperiam fugit., False, 9, 7, );

INSERT INTO variant (comment, main_variant, author, visible, recipe_id, id, ) 
VALUES (Quos aliquam rem dolores cum accusantium. Perspiciatis minus voluptates voluptatem debitis soluta vitae. Tenetur nisi temporibus omnis., False, Asperiores placeat eum ad., False, 4, 8, );

INSERT INTO variant (comment, main_variant, author, visible, recipe_id, id, ) 
VALUES (Magnam reiciendis reiciendis sapiente incidunt non architecto. Magnam aliquam occaecati explicabo., False, Ullam quia velit voluptate consectetur., False, 8, 9, );

INSERT INTO variant (comment, main_variant, author, visible, recipe_id, id, ) 
VALUES (Incidunt impedit dolore unde cum at nobis optio. Eligendi id reiciendis commodi delectus dicta aut. Consequuntur culpa temporibus doloremque quod ratione velit., False, Neque ullam voluptatem aliquid dolor tenetur., False, None, 10, );

INSERT INTO ingredientQuantity (unit_id, ingredient_id, variant_id, id, quantity, ) 
VALUES (3, 9, 3, 1, 2, );

INSERT INTO ingredientQuantity (unit_id, ingredient_id, variant_id, id, quantity, ) 
VALUES (2, 5, 9, 2, 6, );

INSERT INTO ingredientQuantity (unit_id, ingredient_id, variant_id, id, quantity, ) 
VALUES (6, 3, 6, 3, 9, );

INSERT INTO ingredientQuantity (unit_id, ingredient_id, variant_id, id, quantity, ) 
VALUES (9, 5, 2, 4, 10, );

INSERT INTO ingredientQuantity (unit_id, ingredient_id, variant_id, id, quantity, ) 
VALUES (8, 10, 3, 5, 9, );

INSERT INTO ingredientQuantity (unit_id, ingredient_id, variant_id, id, quantity, ) 
VALUES (8, 7, 8, 6, 6, );

INSERT INTO ingredientQuantity (unit_id, ingredient_id, variant_id, id, quantity, ) 
VALUES (10, 8, 9, 7, 3, );

INSERT INTO ingredientQuantity (unit_id, ingredient_id, variant_id, id, quantity, ) 
VALUES (3, 9, 7, 8, 10, );

INSERT INTO ingredientQuantity (unit_id, ingredient_id, variant_id, id, quantity, ) 
VALUES (4, 2, 6, 9, 6, );

INSERT INTO ingredientQuantity (unit_id, ingredient_id, variant_id, id, quantity, ) 
VALUES (None, None, None, 10, 2, );

INSERT INTO step (picture, text, id, variant_id, ) 
VALUES (Ea nesciunt eos labore dolor debitis quos libero., Ipsum ea aliquam impedit., 1, 5, );

INSERT INTO step (picture, text, id, variant_id, ) 
VALUES (Laudantium sapiente consequatur. Est vitae natus ipsam. Debitis non error cum iure maxime sunt., Sint labore rerum corrupti., 2, 4, );

INSERT INTO step (picture, text, id, variant_id, ) 
VALUES (Fugiat ipsa ipsum tempora assumenda aperiam. Eveniet minima sequi saepe veritatis commodi laborum., Consequatur veniam maxime vero reiciendis., 3, 3, );

INSERT INTO step (picture, text, id, variant_id, ) 
VALUES (Quasi ex earum culpa minima earum quo. Soluta saepe autem deleniti aliquid., Ab nihil dicta provident omnis harum mollitia., 4, 5, );

INSERT INTO step (picture, text, id, variant_id, ) 
VALUES (Temporibus reprehenderit laboriosam saepe earum quos. Dolorem debitis corrupti nemo earum dolores. Doloremque corrupti cum iste., Saepe occaecati adipisci eos., 5, 5, );

INSERT INTO step (picture, text, id, variant_id, ) 
VALUES (Aliquid dolorem dignissimos aperiam tenetur delectus. Sed non eum quaerat ullam., Dolorum maxime ipsa accusantium atque laboriosam., 6, 2, );

INSERT INTO step (picture, text, id, variant_id, ) 
VALUES (Commodi officiis laborum aut odio. Sint voluptatibus magnam. Quod consequatur modi perferendis., Repellat doloremque dolore a laborum et., 7, 7, );

INSERT INTO step (picture, text, id, variant_id, ) 
VALUES (Accusantium magnam vel officia minima. Voluptates sunt deserunt et dignissimos pariatur incidunt., Quae ut accusantium nam animi quibusdam., 8, 8, );

INSERT INTO step (picture, text, id, variant_id, ) 
VALUES (Sed nulla perferendis recusandae ratione ea. Qui iusto ex suscipit dolore aliquam ratione iste. Veritatis soluta dolorum odio eaque reiciendis commodi reprehenderit., Ipsa dolorum dolor dolorem fugiat illum., 9, 6, );

INSERT INTO step (picture, text, id, variant_id, ) 
VALUES (Molestias laborum aperiam rerum. Quas debitis ipsam corporis nam sapiente impedit deserunt. Necessitatibus minus hic quos., Enim aut sed minus autem labore possimus., 10, None, );

INSERT INTO materialQuantity (variant_id, id, material_id, quantity, ) 
VALUES (4, 1, 3, 7, );

INSERT INTO materialQuantity (variant_id, id, material_id, quantity, ) 
VALUES (5, 2, 10, 4, );

INSERT INTO materialQuantity (variant_id, id, material_id, quantity, ) 
VALUES (4, 3, 2, 9, );

INSERT INTO materialQuantity (variant_id, id, material_id, quantity, ) 
VALUES (9, 4, 5, 1, );

INSERT INTO materialQuantity (variant_id, id, material_id, quantity, ) 
VALUES (7, 5, 8, 2, );

INSERT INTO materialQuantity (variant_id, id, material_id, quantity, ) 
VALUES (2, 6, 6, 8, );

INSERT INTO materialQuantity (variant_id, id, material_id, quantity, ) 
VALUES (7, 7, 4, 4, );

INSERT INTO materialQuantity (variant_id, id, material_id, quantity, ) 
VALUES (9, 8, 5, 4, );

INSERT INTO materialQuantity (variant_id, id, material_id, quantity, ) 
VALUES (9, 9, 3, 6, );

INSERT INTO materialQuantity (variant_id, id, material_id, quantity, ) 
VALUES (None, 10, None, 1, );

INSERT INTO variant_material_quantity (material_quantity_id, variant_id, ) 
VALUES (6, 10, );

INSERT INTO variant_material_quantity (material_quantity_id, variant_id, ) 
VALUES (7, 5, );

INSERT INTO variant_material_quantity (material_quantity_id, variant_id, ) 
VALUES (9, 1, );

INSERT INTO variant_material_quantity (material_quantity_id, variant_id, ) 
VALUES (6, 7, );

INSERT INTO variant_material_quantity (material_quantity_id, variant_id, ) 
VALUES (4, 4, );

INSERT INTO variant_material_quantity (material_quantity_id, variant_id, ) 
VALUES (1, 9, );

INSERT INTO variant_material_quantity (material_quantity_id, variant_id, ) 
VALUES (10, 8, );

INSERT INTO variant_material_quantity (material_quantity_id, variant_id, ) 
VALUES (3, 3, );

INSERT INTO variant_material_quantity (material_quantity_id, variant_id, ) 
VALUES (9, 2, );

INSERT INTO variant_material_quantity (material_quantity_id, variant_id, ) 
VALUES (None, None, );

INSERT INTO variant_recipe_type (recipe_type_id, variant_id, ) 
VALUES (6, 6, );

INSERT INTO variant_recipe_type (recipe_type_id, variant_id, ) 
VALUES (9, 2, );

INSERT INTO variant_recipe_type (recipe_type_id, variant_id, ) 
VALUES (8, 4, );

INSERT INTO variant_recipe_type (recipe_type_id, variant_id, ) 
VALUES (3, 3, );

INSERT INTO variant_recipe_type (recipe_type_id, variant_id, ) 
VALUES (1, 1, );

INSERT INTO variant_recipe_type (recipe_type_id, variant_id, ) 
VALUES (10, 8, );

INSERT INTO variant_recipe_type (recipe_type_id, variant_id, ) 
VALUES (5, 9, );

INSERT INTO variant_recipe_type (recipe_type_id, variant_id, ) 
VALUES (4, 6, );

INSERT INTO variant_recipe_type (recipe_type_id, variant_id, ) 
VALUES (7, 2, );

INSERT INTO variant_recipe_type (recipe_type_id, variant_id, ) 
VALUES (None, None, );

INSERT INTO variant_ingredient_quantity (ingredient_quantity_id, variant_id, ) 
VALUES (6, 10, );

INSERT INTO variant_ingredient_quantity (ingredient_quantity_id, variant_id, ) 
VALUES (9, 1, );

INSERT INTO variant_ingredient_quantity (ingredient_quantity_id, variant_id, ) 
VALUES (8, 2, );

INSERT INTO variant_ingredient_quantity (ingredient_quantity_id, variant_id, ) 
VALUES (9, 9, );

INSERT INTO variant_ingredient_quantity (ingredient_quantity_id, variant_id, ) 
VALUES (9, 3, );

INSERT INTO variant_ingredient_quantity (ingredient_quantity_id, variant_id, ) 
VALUES (2, 8, );

INSERT INTO variant_ingredient_quantity (ingredient_quantity_id, variant_id, ) 
VALUES (8, 7, );

INSERT INTO variant_ingredient_quantity (ingredient_quantity_id, variant_id, ) 
VALUES (6, 4, );

INSERT INTO variant_ingredient_quantity (ingredient_quantity_id, variant_id, ) 
VALUES (4, 6, );

INSERT INTO variant_ingredient_quantity (ingredient_quantity_id, variant_id, ) 
VALUES (None, None, );

INSERT INTO unit (symbol, id, name, ) 
VALUES (Eveniet facilis ratione blanditiis mollitia ducimus sapiente., 1, Voluptates amet placeat voluptatem minus., );

INSERT INTO unit (symbol, id, name, ) 
VALUES (Dignissimos laudantium sapiente quisquam., 2, Libero iusto suscipit fuga adipisci numquam., );

INSERT INTO unit (symbol, id, name, ) 
VALUES (Itaque officiis labore earum., 3, Nostrum aliquam nemo autem et sit earum., );

INSERT INTO unit (symbol, id, name, ) 
VALUES (Odit dolorem qui odit excepturi molestiae., 4, Velit unde illum., );

INSERT INTO unit (symbol, id, name, ) 
VALUES (Earum atque alias non sit sunt quisquam eius., 5, Accusamus placeat deleniti id tempore nesciunt dignissimos., );

INSERT INTO unit (symbol, id, name, ) 
VALUES (Optio quibusdam voluptas cumque asperiores minima., 6, Culpa natus sint tenetur necessitatibus vitae sint quis., );

INSERT INTO unit (symbol, id, name, ) 
VALUES (Aperiam ipsa incidunt deleniti repellat nemo facere., 7, Atque omnis assumenda incidunt., );

INSERT INTO unit (symbol, id, name, ) 
VALUES (Debitis quod delectus magni quas porro., 8, Aliquam ipsa hic., );

INSERT INTO unit (symbol, id, name, ) 
VALUES (Consequuntur cupiditate ipsum maxime., 9, Vel magni esse iusto libero exercitationem., );

INSERT INTO unit (symbol, id, name, ) 
VALUES (Saepe expedita hic voluptatum magnam., 10, Quibusdam ut voluptatum expedita voluptatum distinctio., );

INSERT INTO ingredient (id, name, ) 
VALUES (1, A a eligendi magni., );

INSERT INTO ingredient (id, name, ) 
VALUES (2, Asperiores facilis possimus itaque totam necessitatibus., );

INSERT INTO ingredient (id, name, ) 
VALUES (3, Nulla voluptatum unde explicabo rerum debitis expedita., );

INSERT INTO ingredient (id, name, ) 
VALUES (4, Omnis animi nostrum., );

INSERT INTO ingredient (id, name, ) 
VALUES (5, Dolores aliquid aliquam esse., );

INSERT INTO ingredient (id, name, ) 
VALUES (6, Accusamus dolorem iusto nihil suscipit veritatis., );

INSERT INTO ingredient (id, name, ) 
VALUES (7, Maxime voluptate qui veniam alias placeat eos., );

INSERT INTO ingredient (id, name, ) 
VALUES (8, Id laboriosam ullam asperiores maxime tenetur minus eos., );

INSERT INTO ingredient (id, name, ) 
VALUES (9, Nihil sed veniam voluptatibus., );

INSERT INTO ingredient (id, name, ) 
VALUES (10, Sequi fugit porro explicabo., );

